{
    "key": "group_656f70439f997",
    "title": "Footer Details",
    "fields": [
        {
            "key": "field_656f70d6c869d",
            "label": "Footer Details",
            "name": "arg_footer_details",
            "aria-label": "",
            "type": "group",
            "instructions": "Click the button to edit your website's footer details.",
            "required": 0,
            "conditional_logic": 0,
            "wrapper": {
                "width": "",
                "class": "",
                "id": ""
            },
            "hide_field": "",
            "hide_label": "",
            "hide_instructions": "",
            "hide_required": "",
            "acfe_save_meta": 0,
            "layout": "row",
            "acfe_group_modal": 1,
            "acfe_group_modal_close": 1,
            "acfe_group_modal_button": "Edit Footer Details",
            "acfe_group_modal_size": "large",
            "acfe_settings": "",
            "instruction_placement": "",
            "acfe_permissions": "",
            "acfe_seamless_style": 0,
            "sub_fields": [
                {
                    "key": "field_656f7044570a6",
                    "label": "Footer Logo",
                    "name": "arg_footer_logo",
                    "aria-label": "",
                    "type": "image",
                    "instructions": "",
                    "required": 0,
                    "conditional_logic": 0,
                    "wrapper": {
                        "width": "",
                        "class": "",
                        "id": ""
                    },
                    "acfe_save_meta": 0,
                    "uploader": "wp",
                    "return_format": "url",
                    "library": "all",
                    "upload_folder": "",
                    "acfe_thumbnail": 0,
                    "min_width": "",
                    "min_height": "",
                    "min_size": "",
                    "max_width": "",
                    "max_height": "",
                    "max_size": "",
                    "mime_types": "",
                    "preview_size": "medium"
                },
                {
                    "key": "field_656f70bbc869b",
                    "label": "Footer Heading",
                    "name": "arg_footer_heading",
                    "aria-label": "",
                    "type": "text",
                    "instructions": "",
                    "required": 0,
                    "conditional_logic": 0,
                    "wrapper": {
                        "width": "",
                        "class": "",
                        "id": ""
                    },
                    "hide_field": "",
                    "hide_label": "",
                    "hide_instructions": "",
                    "hide_required": "",
                    "acfe_save_meta": 0,
                    "default_value": "",
                    "acfe_settings": "",
                    "acfe_validate": "",
                    "maxlength": "",
                    "instruction_placement": "",
                    "acfe_permissions": "",
                    "placeholder": "",
                    "prepend": "",
                    "append": ""
                },
                {
                    "key": "field_656f714ac869e",
                    "label": "Footer Copy",
                    "name": "arg_footer_copy",
                    "aria-label": "",
                    "type": "wysiwyg",
                    "instructions": "",
                    "required": 0,
                    "conditional_logic": 0,
                    "wrapper": {
                        "width": "",
                        "class": "",
                        "id": ""
                    },
                    "acfe_save_meta": 0,
                    "default_value": "",
                    "acfe_wysiwyg_height": 150,
                    "acfe_wysiwyg_max_height": "",
                    "acfe_wysiwyg_valid_elements": "",
                    "acfe_wysiwyg_custom_style": "",
                    "acfe_wysiwyg_disable_wp_style": 1,
                    "acfe_wysiwyg_autoresize": 0,
                    "acfe_wysiwyg_disable_resize": 0,
                    "acfe_wysiwyg_remove_path": 0,
                    "acfe_wysiwyg_menubar": 0,
                    "acfe_wysiwyg_transparent": 0,
                    "acfe_wysiwyg_merge_toolbar": 0,
                    "acfe_wysiwyg_custom_toolbar": 0,
                    "acfe_settings": "",
                    "acfe_validate": "",
                    "tabs": "visual",
                    "toolbar": "basic",
                    "media_upload": 0,
                    "delay": 0,
                    "acfe_wysiwyg_auto_init": 0,
                    "acfe_wysiwyg_min_height": 300,
                    "acfe_wysiwyg_toolbar_buttons": []
                },
                {
                    "key": "field_656f77ed817f0",
                    "label": "Footer Email Signup",
                    "name": "arg_footer_email_signup",
                    "aria-label": "",
                    "type": "radio",
                    "instructions": "",
                    "required": 0,
                    "conditional_logic": 0,
                    "wrapper": {
                        "width": "",
                        "class": "",
                        "id": ""
                    },
                    "hide_field": "",
                    "hide_label": "",
                    "hide_instructions": "",
                    "hide_required": "",
                    "acfe_save_meta": 0,
                    "choices": {
                        "Yes": "Yes",
                        "No": "No"
                    },
                    "default_value": "Yes",
                    "return_format": "value",
                    "acfe_settings": "",
                    "acfe_validate": "",
                    "allow_null": 0,
                    "other_choice": 0,
                    "instruction_placement": "",
                    "acfe_permissions": "",
                    "layout": "horizontal",
                    "save_other_choice": 0
                },
                {
                    "key": "field_656f7188c869f",
                    "label": "Footer Social Media Details",
                    "name": "footer_social_media_details",
                    "aria-label": "",
                    "type": "repeater",
                    "instructions": "",
                    "required": 0,
                    "conditional_logic": 0,
                    "wrapper": {
                        "width": "",
                        "class": "",
                        "id": ""
                    },
                    "acfe_save_meta": 0,
                    "acfe_repeater_stylised_button": 1,
                    "layout": "block",
                    "pagination": 0,
                    "acfe_settings": "",
                    "min": 1,
                    "max": 5,
                    "collapsed": "",
                    "button_label": "Add Social Media Platform",
                    "rows_per_page": 20,
                    "sub_fields": [
                        {
                            "key": "field_656f71cdc86a0",
                            "label": "Social Media Platform URL",
                            "name": "social_media_platform_url",
                            "aria-label": "",
                            "type": "url",
                            "instructions": "",
                            "required": 0,
                            "conditional_logic": 0,
                            "wrapper": {
                                "width": "",
                                "class": "",
                                "id": ""
                            },
                            "acfe_save_meta": 0,
                            "default_value": "",
                            "acfe_settings": "",
                            "acfe_validate": "",
                            "placeholder": "",
                            "parent_repeater": "field_656f7188c869f"
                        }
                    ]
                }
            ]
        }
    ],
    "location": [
        [
            {
                "param": "post_type",
                "operator": "==",
                "value": "page"
            },
            {
                "param": "page",
                "operator": "==",
                "value": "30"
            }
        ]
    ],
    "menu_order": 0,
    "position": "side",
    "style": "default",
    "label_placement": "top",
    "instruction_placement": "label",
    "hide_on_screen": "",
    "active": true,
    "description": "",
    "show_in_rest": 1,
    "acfe_autosync": [
        "php",
        "json"
    ],
    "acfe_form": 1,
    "acfe_display_title": "Footer Update",
    "acfe_permissions": "",
    "acfe_meta": "",
    "acfe_note": "",
    "modified": 1701817815
}
