{
    "key": "group_64777fd61df26",
    "title": "Departments",
    "fields": [
        {
            "key": "field_64777fd6e8754",
            "label": "Departments",
            "name": "arg_departments",
            "aria-label": "",
            "type": "group",
            "instructions": "Please use the fields provided to update the department details on your website.",
            "required": 0,
            "conditional_logic": 0,
            "wrapper": {
                "width": "",
                "class": "",
                "id": ""
            },
            "acfe_save_meta": 0,
            "layout": "block",
            "acfe_seamless_style": 1,
            "acfe_group_modal": 0,
            "acfe_group_modal_close": 0,
            "acfe_group_modal_button": "",
            "acfe_group_modal_size": "large",
            "sub_fields": [
                {
                    "key": "field_64c270759b963",
                    "label": "Department Icon",
                    "name": "arg_department_icon",
                    "aria-label": "",
                    "type": "select",
                    "instructions": "",
                    "required": 0,
                    "conditional_logic": 0,
                    "wrapper": {
                        "width": "",
                        "class": "",
                        "id": ""
                    },
                    "acfe_save_meta": 0,
                    "choices": {
                        "## Solid Icons": "## Solid Icons",
                        "myicons-solid--basket-shopping-solid": "Basket Shopping",
                        "myicons-solid--bowl-scoops-solid": "Bowl Ice Cream Scoop",
                        "myicons-solid--bowl-soft-serve-solid": "Bowl Soft Serve",
                        "myicons-solid--cake-candles-solid": "Cake with Candles",
                        "myicons-solid--carrot-solid": "Carrot",
                        "myicons-solid--cart-shopping-solid": "Cart Shopping",
                        "myicons-solid--crab-solid": "Crab",
                        "myicons-solid--crate-apple-solid": "Crate with Apples",
                        "myicons-solid--cupcake-solid": "Cupcake",
                        "myicons-solid--farm-solid": "Farm",
                        "myicons-solid--fish-solid": "Fish",
                        "myicons-solid--fish-fins-solid": "Fish with Fins",
                        "myicons-solid--flower-solid": "Flower",
                        "myicons-solid--flower-tulip-solid": "Flower Tulip",
                        "myicons-solid--hat-chef-solid": "Hat Chef",
                        "myicons-solid--ice-cream-solid": "Ice Cream",
                        "myicons-solid--lobster-solid": "Lobster",
                        "myicons-solid--meat-solid": "Meat",
                        "myicons-solid--pepper-hot-solid": "Pepper Hot",
                        "myicons-solid--pineapple-solid": "Pineapple",
                        "myicons-solid--pizza-slice-solid": "Pizza Slice",
                        "myicons-solid--prescription-bottle-pill-solid": "Prescription Pill Bottle",
                        "myicons-solid--prescription-solid": "Prescription",
                        "myicons-solid--sandwich-solid": "Sandwich",
                        "myicons-solid--spray-can-sparkles-solid": "Spray Can",
                        "myicons-solid--steak-solid": "Steak",
                        "myicons-solid--strawberry-solid": "Stawberry",
                        "myicons-solid--tomato-solid": "Tomato",
                        "##  Light Icons": "##  Light Icons",
                        "myicons-light--basket-shopping-light": "Basket Shopping",
                        "myicons-light--bowl-scoops-light": "Bowl Ice Cream Scoop",
                        "myicons-light--bowl-soft-serve-light": "Bowl Soft Serve",
                        "myicons-light--cake-candles-light": "Cake with Candles",
                        "myicons-light--carrot-light": "Carrot",
                        "myicons-light--cart-shopping-light": "Cart Shopping",
                        "myicons-light--crab-light": "Crab",
                        "myicons-light--crate-apple-light": "Crate with Apples",
                        "myicons-light--cupcake-light": "Cupcake",
                        "myicons-light--farm-light": "Farm",
                        "myicons-light--fish-light": "Fish",
                        "myicons-light--fish-fins-light": "Fish with Fins",
                        "myicons-light--flower-light": "Flower",
                        "myicons-light--flower-tulip-light": "Flower Tulip",
                        "myicons-light--hat-chef-light": "Hat Chef",
                        "myicons-light--ice-cream-light": "Ice Cream",
                        "myicons-light--lobster-light": "Lobster",
                        "myicons-light--meat-light": "Meat",
                        "myicons-light--pepper-hot-light": "Pepper Hot",
                        "myicons-light--pineapple-light": "Pineapple",
                        "myicons-light--pizza-slice-light": "Pizza Slice",
                        "myicons-light--prescription-bottle-pill-light": "Prescription Pill Bottle",
                        "myicons-light--prescription-light": "Prescription",
                        "myicons-light--sandwich-light": "Sandwich",
                        "myicons-light--spray-can-sparkles-light": "Spray Can",
                        "myicons-light--steak-light": "Steak",
                        "myicons-light--strawberry-light": "Stawberry",
                        "myicons-light--tomato-light": "Tomato",
                        "## Duotone Icons": "## Duotone Icons",
                        "myicons-duotone--basket-shopping-duotone": "Basket Shopping",
                        "myicons-duotone--bowl-scoops-duotone": "Bowl Ice Cream Scoop",
                        "myicons-duotone--bowl-soft-serve-duotone": "Bowl Soft Serve",
                        "myicons-duotone--cake-candles-duotone": "Cake with Candles",
                        "myicons-duotone--carrot-duotone": "Carrot",
                        "myicons-duotone--cart-shopping-duotone": "Cart Shopping",
                        "myicons-duotone--crab-duotone": "Crab",
                        "myicons-duotone--crate-apple-duotone": "Crate with Apples",
                        "myicons-duotone--cupcake-duotone": "Cupcake",
                        "myicons-duotone--farm-duotone": "Farm",
                        "myicons-duotone--fish-duotone": "Fish",
                        "myicons-duotone--fish-fins-duotone": "Fish with Fins",
                        "myicons-duotone--flower-duotone": "Flower",
                        "myicons-duotone--flower-tulip-duotone": "Flower Tulip",
                        "myicons-duotone--hat-chef-duotone": "Hat Chef",
                        "myicons-duotone--ice-cream-duotone": "Ice Cream",
                        "myicons-duotone--lobster-duotone": "Lobster",
                        "myicons-duotone--meat-duotone": "Meat",
                        "myicons-duotone--pepper-hot-duotone": "Pepper Hot",
                        "myicons-duotone--pineapple-duotone": "Pineapple",
                        "myicons-duotone--pizza-slice-duotone": "Pizza Slice",
                        "myicons-duotone--prescription-bottle-pill-duotone": "Prescription Pill Bottle",
                        "myicons-duotone--prescription-duotone": "Prescription",
                        "myicons-duotone--sandwich-duotone": "Sandwich",
                        "myicons-duotone--spray-can-sparkles-duotone": "Spray Can",
                        "myicons-duotone--steak-duotone": "Steak",
                        "myicons-duotone--strawberry-duotone": "Stawberry",
                        "myicons-duotone--tomato-duotone": "Tomato"
                    },
                    "default_value": false,
                    "return_format": "value",
                    "multiple": 0,
                    "max": "",
                    "allow_custom": 0,
                    "placeholder": "Select Icon",
                    "search_placeholder": "",
                    "prepend": "",
                    "append": "",
                    "allow_null": 1,
                    "ui": 1,
                    "ajax": 0,
                    "min": ""
                },
                {
                    "key": "field_64c26f659b960",
                    "label": "Department Creative Heading",
                    "name": "arg_department_creative_heading",
                    "aria-label": "",
                    "type": "text",
                    "instructions": "Use ChatGPT to create a creative heading from the creative copy.",
                    "required": 0,
                    "conditional_logic": 0,
                    "wrapper": {
                        "width": "",
                        "class": "",
                        "id": ""
                    },
                    "acfe_save_meta": 0,
                    "default_value": "",
                    "maxlength": "",
                    "placeholder": "",
                    "prepend": "",
                    "append": ""
                },
                {
                    "key": "field_64c26f7c9b961",
                    "label": "Department Creative Summary",
                    "name": "arg_department_creative_summary",
                    "aria-label": "",
                    "type": "wysiwyg",
                    "instructions": "Use ChatGPT to create a 350 character creative piece from the department copy.",
                    "required": 0,
                    "conditional_logic": 0,
                    "wrapper": {
                        "width": "",
                        "class": "",
                        "id": ""
                    },
                    "acfe_save_meta": 0,
                    "default_value": "",
                    "acfe_wysiwyg_height": 150,
                    "acfe_wysiwyg_max_height": "",
                    "acfe_wysiwyg_valid_elements": "",
                    "acfe_wysiwyg_custom_style": "",
                    "acfe_wysiwyg_disable_wp_style": 0,
                    "acfe_wysiwyg_autoresize": 0,
                    "acfe_wysiwyg_disable_resize": 0,
                    "acfe_wysiwyg_remove_path": 0,
                    "acfe_wysiwyg_menubar": 0,
                    "acfe_wysiwyg_transparent": 0,
                    "acfe_wysiwyg_merge_toolbar": 0,
                    "acfe_wysiwyg_custom_toolbar": 0,
                    "tabs": "visual",
                    "toolbar": "basic",
                    "media_upload": 0,
                    "delay": 0,
                    "acfe_wysiwyg_auto_init": 0,
                    "acfe_wysiwyg_min_height": 300,
                    "acfe_wysiwyg_toolbar_buttons": []
                },
                {
                    "key": "field_64c271209b964",
                    "label": "Department Phone Number",
                    "name": "arg_department_phone_number",
                    "aria-label": "",
                    "type": "text",
                    "instructions": "",
                    "required": 0,
                    "conditional_logic": 0,
                    "wrapper": {
                        "width": "",
                        "class": "",
                        "id": ""
                    },
                    "acfe_save_meta": 0,
                    "default_value": "",
                    "maxlength": "",
                    "placeholder": "",
                    "prepend": "",
                    "append": ""
                },
                {
                    "key": "field_64e38f725caf5",
                    "label": "Department Opening Hours",
                    "name": "arg_department_opening_hours",
                    "aria-label": "",
                    "type": "time_picker",
                    "instructions": "",
                    "required": 0,
                    "conditional_logic": 0,
                    "wrapper": {
                        "width": "50",
                        "class": "",
                        "id": ""
                    },
                    "acfe_save_meta": 0,
                    "display_format": "g:i A",
                    "return_format": "g:i a",
                    "placeholder": "",
                    "min_time": "",
                    "max_time": "",
                    "min_hour": "",
                    "max_hour": "",
                    "min_min": "",
                    "max_min": "",
                    "min_sec": "",
                    "max_sec": ""
                },
                {
                    "key": "field_64e38fb45caf6",
                    "label": "Department Closing Hours",
                    "name": "arg_department_closing_hours",
                    "aria-label": "",
                    "type": "time_picker",
                    "instructions": "",
                    "required": 0,
                    "conditional_logic": 0,
                    "wrapper": {
                        "width": "50",
                        "class": "",
                        "id": ""
                    },
                    "acfe_save_meta": 0,
                    "display_format": "g:i A",
                    "return_format": "g:i a",
                    "placeholder": "",
                    "min_time": "",
                    "max_time": "",
                    "min_hour": "",
                    "max_hour": "",
                    "min_min": "",
                    "max_min": "",
                    "min_sec": "",
                    "max_sec": ""
                },
                {
                    "key": "field_64c271859b965",
                    "label": "Department Online Ordering URL",
                    "name": "arg_department_online_ordering_url",
                    "aria-label": "",
                    "type": "link",
                    "instructions": "",
                    "required": 0,
                    "conditional_logic": 0,
                    "wrapper": {
                        "width": "",
                        "class": "",
                        "id": ""
                    },
                    "acfe_save_meta": 0,
                    "return_format": "url"
                },
                {
                    "key": "field_647780cee8756",
                    "label": "Department Hero Image",
                    "name": "arg_department_hero_image",
                    "aria-label": "",
                    "type": "image",
                    "instructions": "Image dimensions are 2560x1500.",
                    "required": 0,
                    "conditional_logic": 0,
                    "wrapper": {
                        "width": "",
                        "class": "",
                        "id": ""
                    },
                    "acfe_save_meta": 0,
                    "uploader": "wp",
                    "return_format": "url",
                    "library": "all",
                    "upload_folder": "",
                    "acfe_thumbnail": 1,
                    "min_width": 2560,
                    "min_height": 1500,
                    "min_size": "",
                    "max_width": 2560,
                    "max_height": 1500,
                    "max_size": "",
                    "mime_types": "jpg, jpeg",
                    "preview_size": "medium"
                },
                {
                    "key": "field_6477808fe8755",
                    "label": "Department Copy",
                    "name": "arg_department_copy",
                    "aria-label": "",
                    "type": "wysiwyg",
                    "instructions": "",
                    "required": 0,
                    "conditional_logic": 0,
                    "wrapper": {
                        "width": "",
                        "class": "",
                        "id": ""
                    },
                    "acfe_save_meta": 0,
                    "default_value": "",
                    "acfe_wysiwyg_height": 150,
                    "acfe_wysiwyg_max_height": "",
                    "acfe_wysiwyg_valid_elements": "",
                    "acfe_wysiwyg_custom_style": "",
                    "acfe_wysiwyg_disable_wp_style": 0,
                    "acfe_wysiwyg_autoresize": 0,
                    "acfe_wysiwyg_disable_resize": 0,
                    "acfe_wysiwyg_remove_path": 0,
                    "acfe_wysiwyg_menubar": 0,
                    "acfe_wysiwyg_transparent": 0,
                    "acfe_wysiwyg_merge_toolbar": 0,
                    "acfe_wysiwyg_custom_toolbar": 0,
                    "tabs": "visual",
                    "toolbar": "basic",
                    "media_upload": 0,
                    "delay": 0,
                    "acfe_wysiwyg_auto_init": 0,
                    "acfe_wysiwyg_min_height": 300,
                    "acfe_wysiwyg_toolbar_buttons": []
                },
                {
                    "key": "field_64c26f909b962",
                    "label": "Department Locations",
                    "name": "arg_department_locations",
                    "aria-label": "",
                    "type": "relationship",
                    "instructions": "",
                    "required": 0,
                    "conditional_logic": 0,
                    "wrapper": {
                        "width": "",
                        "class": "",
                        "id": ""
                    },
                    "acfe_save_meta": 0,
                    "post_type": [
                        "location"
                    ],
                    "post_status": "",
                    "taxonomy": "",
                    "filters": [
                        "search"
                    ],
                    "return_format": "object",
                    "acfe_add_post": 0,
                    "acfe_edit_post": 1,
                    "acfe_bidirectional": {
                        "acfe_bidirectional_enabled": "1",
                        "acfe_bidirectional_related": [
                            "field_64c3ef6e8093b"
                        ]
                    },
                    "min": "",
                    "max": "",
                    "elements": "",
                    "bidirectional": 0,
                    "bidirectional_target": []
                }
            ]
        }
    ],
    "location": [
        [
            {
                "param": "post_type",
                "operator": "==",
                "value": "department"
            }
        ]
    ],
    "menu_order": 0,
    "position": "normal",
    "style": "default",
    "label_placement": "left",
    "instruction_placement": "label",
    "hide_on_screen": [
        "author",
        "block_editor",
        "categories",
        "comments",
        "the_content",
        "discussion",
        "excerpt",
        "format",
        "page_attributes",
        "revisions",
        "send-trackbacks",
        "tags"
    ],
    "active": true,
    "description": "",
    "show_in_rest": 0,
    "acfe_autosync": [
        "php",
        "json"
    ],
    "acfe_form": 0,
    "acfe_display_title": "Departments • Powered by Alliance Retail Group",
    "acfe_meta": "",
    "acfe_note": "",
    "modified": 1700160904
}
