{
    "key": "group_6478c3ebc408b",
    "title": "Home Page",
    "fields": [
        {
            "key": "field_647a01df3882a",
            "label": "Featured Items",
            "name": "arg_home_page_featured_items_section",
            "aria-label": "",
            "type": "group",
            "instructions": "Please use the fields provided to update the featured items section on your home page.",
            "required": 0,
            "conditional_logic": 0,
            "wrapper": {
                "width": "",
                "class": "",
                "id": ""
            },
            "hide_field": "",
            "hide_label": "",
            "hide_instructions": "",
            "hide_required": "",
            "acfe_save_meta": 0,
            "layout": "block",
            "acfe_seamless_style": 1,
            "acfe_settings": "",
            "instruction_placement": "",
            "acfe_permissions": "",
            "sub_fields": [
                {
                    "key": "field_647a024d3882b",
                    "label": "Featured Items Heading",
                    "name": "arg_home_page_featured_items_heading",
                    "aria-label": "",
                    "type": "text",
                    "instructions": "",
                    "required": 0,
                    "conditional_logic": 0,
                    "wrapper": {
                        "width": "",
                        "class": "",
                        "id": ""
                    },
                    "hide_field": "",
                    "hide_label": "",
                    "hide_instructions": "",
                    "hide_required": "",
                    "acfe_save_meta": 0,
                    "default_value": "",
                    "acfe_settings": "",
                    "acfe_validate": "",
                    "maxlength": "",
                    "instruction_placement": "",
                    "acfe_permissions": [
                        "administrator"
                    ],
                    "placeholder": "",
                    "prepend": "",
                    "append": ""
                },
                {
                    "key": "field_647a02613882c",
                    "label": "Featured Items Subheading",
                    "name": "arg_home_page_featured_items_subheading",
                    "aria-label": "",
                    "type": "text",
                    "instructions": "",
                    "required": 0,
                    "conditional_logic": 0,
                    "wrapper": {
                        "width": "",
                        "class": "",
                        "id": ""
                    },
                    "hide_field": "",
                    "hide_label": "",
                    "hide_instructions": "",
                    "hide_required": "",
                    "acfe_save_meta": 0,
                    "default_value": "",
                    "acfe_settings": "",
                    "acfe_validate": "",
                    "maxlength": "",
                    "instruction_placement": "",
                    "acfe_permissions": [
                        "administrator"
                    ],
                    "placeholder": "",
                    "prepend": "",
                    "append": ""
                },
                {
                    "key": "field_649f0adf79ac3",
                    "label": "Featured Items",
                    "name": "arg_home_page_featured_items",
                    "aria-label": "",
                    "type": "repeater",
                    "instructions": "",
                    "required": 0,
                    "conditional_logic": 0,
                    "wrapper": {
                        "width": "",
                        "class": "",
                        "id": ""
                    },
                    "hide_field": "",
                    "hide_label": "",
                    "hide_instructions": "",
                    "hide_required": "",
                    "acfe_save_meta": 0,
                    "acfe_repeater_stylised_button": 1,
                    "layout": "block",
                    "pagination": 0,
                    "acfe_settings": "",
                    "min": 1,
                    "max": 8,
                    "instruction_placement": "",
                    "acfe_permissions": "",
                    "collapsed": "",
                    "button_label": "Add New Featured Item",
                    "rows_per_page": 20,
                    "sub_fields": [
                        {
                            "key": "field_647a095938832",
                            "label": "Featured Item Image",
                            "name": "arg_home_page_featured_item_image",
                            "aria-label": "",
                            "type": "image",
                            "instructions": "Image must be a JPG and at a 850x850 resolution.",
                            "required": 0,
                            "conditional_logic": 0,
                            "wrapper": {
                                "width": "",
                                "class": "",
                                "id": ""
                            },
                            "acfe_permissions": "",
                            "acfe_save_meta": 0,
                            "instruction_placement": "",
                            "hide_field": "",
                            "hide_label": "",
                            "hide_instructions": "",
                            "hide_required": "",
                            "uploader": "wp",
                            "return_format": "url",
                            "library": "all",
                            "upload_folder": "",
                            "acfe_thumbnail": 0,
                            "acfe_settings": "",
                            "acfe_validate": "",
                            "min_width": 850,
                            "min_height": 850,
                            "min_size": "",
                            "max_width": 850,
                            "max_height": 850,
                            "max_size": "",
                            "mime_types": "jpg, jpeg",
                            "preview_size": "thumbnail",
                            "parent_repeater": "field_649f0adf79ac3"
                        },
                        {
                            "key": "field_647a09dd38833",
                            "label": "Featured Item Heading",
                            "name": "arg_home_page_featured_item_heading",
                            "aria-label": "",
                            "type": "text",
                            "instructions": "",
                            "required": 0,
                            "conditional_logic": 0,
                            "wrapper": {
                                "width": "",
                                "class": "",
                                "id": ""
                            },
                            "acfe_permissions": "",
                            "acfe_save_meta": 0,
                            "instruction_placement": "",
                            "hide_field": "",
                            "hide_label": "",
                            "hide_instructions": "",
                            "hide_required": "",
                            "default_value": "",
                            "acfe_settings": "",
                            "acfe_validate": "",
                            "maxlength": "",
                            "placeholder": "",
                            "prepend": "",
                            "append": "",
                            "parent_repeater": "field_649f0adf79ac3"
                        },
                        {
                            "key": "field_647a0daefe802",
                            "label": "Featured Item Desciption",
                            "name": "arg_home_page_featured_item_desciption",
                            "aria-label": "",
                            "type": "text",
                            "instructions": "",
                            "required": 0,
                            "conditional_logic": 0,
                            "wrapper": {
                                "width": "",
                                "class": "",
                                "id": ""
                            },
                            "acfe_permissions": "",
                            "acfe_save_meta": 0,
                            "instruction_placement": "",
                            "hide_field": "",
                            "hide_label": "",
                            "hide_instructions": "",
                            "hide_required": "",
                            "default_value": "",
                            "acfe_settings": "",
                            "acfe_validate": "",
                            "maxlength": "",
                            "placeholder": "",
                            "prepend": "",
                            "append": "",
                            "parent_repeater": "field_649f0adf79ac3"
                        },
                        {
                            "key": "field_647a0dd2fe803",
                            "label": "Featured Item Price",
                            "name": "arg_home_page_featured_item_price",
                            "aria-label": "",
                            "type": "text",
                            "instructions": "",
                            "required": 0,
                            "conditional_logic": 0,
                            "wrapper": {
                                "width": "",
                                "class": "",
                                "id": ""
                            },
                            "acfe_permissions": "",
                            "acfe_save_meta": 0,
                            "instruction_placement": "",
                            "hide_field": "",
                            "hide_label": "",
                            "hide_instructions": "",
                            "hide_required": "",
                            "default_value": "",
                            "acfe_settings": "",
                            "acfe_validate": "",
                            "maxlength": "",
                            "placeholder": "",
                            "prepend": "",
                            "append": "",
                            "parent_repeater": "field_649f0adf79ac3"
                        },
                        {
                            "key": "field_647a0ed8fe805",
                            "label": "Featured Item Start Date",
                            "name": "arg_home_page_featured_item_start_date",
                            "aria-label": "",
                            "type": "date_picker",
                            "instructions": "",
                            "required": 0,
                            "conditional_logic": 0,
                            "wrapper": {
                                "width": "50",
                                "class": "",
                                "id": ""
                            },
                            "acfe_permissions": "",
                            "acfe_save_meta": 0,
                            "instruction_placement": "",
                            "hide_field": "",
                            "hide_label": "",
                            "hide_instructions": "",
                            "hide_required": "",
                            "display_format": "F j, Y",
                            "return_format": "F j, Y",
                            "first_day": 0,
                            "placeholder": "",
                            "min_date": "",
                            "max_date": "",
                            "no_weekends": 0,
                            "acfe_settings": "",
                            "acfe_validate": "",
                            "parent_repeater": "field_649f0adf79ac3"
                        },
                        {
                            "key": "field_647a0f23fe806",
                            "label": "Featured Item End Date",
                            "name": "arg_home_page_featured_item_end_date",
                            "aria-label": "",
                            "type": "date_picker",
                            "instructions": "",
                            "required": 0,
                            "conditional_logic": 0,
                            "wrapper": {
                                "width": "50",
                                "class": "",
                                "id": ""
                            },
                            "acfe_permissions": "",
                            "acfe_save_meta": 0,
                            "instruction_placement": "",
                            "hide_field": "",
                            "hide_label": "",
                            "hide_instructions": "",
                            "hide_required": "",
                            "display_format": "F j, Y",
                            "return_format": "F j, Y",
                            "first_day": 0,
                            "placeholder": "",
                            "min_date": "",
                            "max_date": "",
                            "no_weekends": 0,
                            "acfe_settings": "",
                            "acfe_validate": "",
                            "parent_repeater": "field_649f0adf79ac3"
                        }
                    ]
                }
            ],
            "acfe_group_modal": 0,
            "acfe_group_modal_close": 0,
            "acfe_group_modal_button": "",
            "acfe_group_modal_size": "large"
        },
        {
            "key": "field_64c42f95c6629",
            "label": "Home Page Online Store",
            "name": "arg_home_page_online_store",
            "aria-label": "",
            "type": "group",
            "instructions": "",
            "required": 0,
            "conditional_logic": 0,
            "wrapper": {
                "width": "",
                "class": "",
                "id": ""
            },
            "hide_field": "",
            "hide_label": "",
            "hide_instructions": "",
            "hide_required": "",
            "acfe_save_meta": 0,
            "layout": "block",
            "acfe_seamless_style": 1,
            "acfe_settings": "",
            "instruction_placement": "",
            "acfe_permissions": [
                "administrator"
            ],
            "sub_fields": [
                {
                    "key": "field_64c42fc5c662a",
                    "label": "Home Page Online Store Heading",
                    "name": "arg_home_page_online_store_heading",
                    "aria-label": "",
                    "type": "text",
                    "instructions": "",
                    "required": 0,
                    "conditional_logic": 0,
                    "wrapper": {
                        "width": "",
                        "class": "",
                        "id": ""
                    },
                    "acfe_save_meta": 0,
                    "default_value": "",
                    "acfe_settings": "",
                    "acfe_validate": "",
                    "maxlength": "",
                    "placeholder": "",
                    "prepend": "",
                    "append": ""
                },
                {
                    "key": "field_64c42fedc662b",
                    "label": "Home Page Online Store Copy",
                    "name": "home_page_online_store_copy",
                    "aria-label": "",
                    "type": "wysiwyg",
                    "instructions": "",
                    "required": 0,
                    "conditional_logic": 0,
                    "wrapper": {
                        "width": "",
                        "class": "",
                        "id": ""
                    },
                    "acfe_save_meta": 0,
                    "default_value": "",
                    "acfe_wysiwyg_height": 150,
                    "acfe_wysiwyg_max_height": "",
                    "acfe_wysiwyg_valid_elements": "",
                    "acfe_wysiwyg_custom_style": "",
                    "acfe_wysiwyg_disable_wp_style": 0,
                    "acfe_wysiwyg_autoresize": 0,
                    "acfe_wysiwyg_disable_resize": 0,
                    "acfe_wysiwyg_remove_path": 0,
                    "acfe_wysiwyg_menubar": 0,
                    "acfe_wysiwyg_transparent": 0,
                    "acfe_wysiwyg_merge_toolbar": 0,
                    "acfe_wysiwyg_custom_toolbar": 0,
                    "acfe_settings": "",
                    "acfe_validate": "",
                    "tabs": "visual",
                    "toolbar": "basic",
                    "media_upload": 0,
                    "delay": 0,
                    "acfe_wysiwyg_auto_init": 0,
                    "acfe_wysiwyg_min_height": 300,
                    "acfe_wysiwyg_toolbar_buttons": []
                },
                {
                    "key": "field_64c4301bc662c",
                    "label": "Home Page Online Store URL",
                    "name": "arg_home_page_online_store_url",
                    "aria-label": "",
                    "type": "link",
                    "instructions": "",
                    "required": 0,
                    "conditional_logic": 0,
                    "wrapper": {
                        "width": "",
                        "class": "",
                        "id": ""
                    },
                    "acfe_save_meta": 0,
                    "return_format": "url",
                    "acfe_settings": "",
                    "acfe_validate": ""
                }
            ],
            "acfe_group_modal": 0,
            "acfe_group_modal_close": 0,
            "acfe_group_modal_button": "",
            "acfe_group_modal_size": "large"
        },
        {
            "key": "field_647a10720ca43",
            "label": "Home Page Services Section",
            "name": "arg_home_page_services_section",
            "aria-label": "",
            "type": "group",
            "instructions": "Please use the fields provided to update the services section on your home page.",
            "required": 0,
            "conditional_logic": 0,
            "wrapper": {
                "width": "",
                "class": "",
                "id": ""
            },
            "hide_field": "",
            "hide_label": "",
            "hide_instructions": "",
            "hide_required": "",
            "acfe_save_meta": 0,
            "layout": "block",
            "acfe_seamless_style": 1,
            "acfe_settings": "",
            "instruction_placement": "",
            "acfe_permissions": [
                "administrator"
            ],
            "sub_fields": [
                {
                    "key": "field_647a10de0ca44",
                    "label": "Home Page Services Section Heading",
                    "name": "arg_home_page_services_section_heading",
                    "aria-label": "",
                    "type": "text",
                    "instructions": "",
                    "required": 0,
                    "conditional_logic": 0,
                    "wrapper": {
                        "width": "",
                        "class": "",
                        "id": ""
                    },
                    "hide_field": "",
                    "hide_label": "",
                    "hide_instructions": "",
                    "hide_required": "",
                    "acfe_save_meta": 0,
                    "default_value": "",
                    "acfe_settings": "",
                    "acfe_validate": "",
                    "maxlength": "",
                    "instruction_placement": "",
                    "acfe_permissions": "",
                    "placeholder": "",
                    "prepend": "",
                    "append": ""
                },
                {
                    "key": "field_647a10ea0ca45",
                    "label": "Home Page Services Section Copy",
                    "name": "arg_home_page_services_section_copy",
                    "aria-label": "",
                    "type": "wysiwyg",
                    "instructions": "",
                    "required": 0,
                    "conditional_logic": 0,
                    "wrapper": {
                        "width": "",
                        "class": "",
                        "id": ""
                    },
                    "hide_field": "",
                    "hide_label": "",
                    "hide_instructions": "",
                    "hide_required": "",
                    "acfe_save_meta": 0,
                    "default_value": "",
                    "acfe_wysiwyg_height": 150,
                    "acfe_wysiwyg_max_height": "",
                    "acfe_wysiwyg_valid_elements": "",
                    "acfe_wysiwyg_custom_style": "",
                    "acfe_wysiwyg_disable_wp_style": 0,
                    "acfe_wysiwyg_autoresize": 0,
                    "acfe_wysiwyg_disable_resize": 0,
                    "acfe_wysiwyg_remove_path": 0,
                    "acfe_wysiwyg_menubar": 0,
                    "acfe_wysiwyg_transparent": 0,
                    "acfe_wysiwyg_merge_toolbar": 0,
                    "acfe_wysiwyg_custom_toolbar": 0,
                    "acfe_settings": "",
                    "acfe_validate": "",
                    "instruction_placement": "",
                    "acfe_permissions": "",
                    "tabs": "visual",
                    "toolbar": "basic",
                    "media_upload": 0,
                    "delay": 0,
                    "acfe_wysiwyg_auto_init": 0,
                    "acfe_wysiwyg_min_height": 300,
                    "acfe_wysiwyg_toolbar_buttons": []
                }
            ],
            "acfe_group_modal": 0,
            "acfe_group_modal_close": 0,
            "acfe_group_modal_button": "",
            "acfe_group_modal_size": "large"
        }
    ],
    "location": [
        [
            {
                "param": "post_type",
                "operator": "==",
                "value": "page"
            },
            {
                "param": "page",
                "operator": "==",
                "value": "30"
            }
        ]
    ],
    "menu_order": 0,
    "position": "normal",
    "style": "default",
    "label_placement": "left",
    "instruction_placement": "label",
    "hide_on_screen": [
        "author",
        "block_editor",
        "categories",
        "comments",
        "the_content",
        "discussion",
        "excerpt",
        "featured_image",
        "format",
        "page_attributes",
        "revisions",
        "send-trackbacks",
        "tags"
    ],
    "active": true,
    "description": "",
    "show_in_rest": 0,
    "acfe_autosync": [
        "php",
        "json"
    ],
    "acfe_form": 1,
    "acfe_display_title": "Home Page • Powered by Alliance Retail Group",
    "acfe_permissions": "",
    "acfe_meta": "",
    "acfe_note": "",
    "modified": 1701291029
}
