{
    "name": "department",
    "label": "Departments",
    "active": true,
    "description": "",
    "hierarchical": false,
    "supports": [
        "title",
        "thumbnail",
        "custom-fields"
    ],
    "taxonomies": [],
    "public": true,
    "exclude_from_search": false,
    "publicly_queryable": true,
    "can_export": true,
    "delete_with_user": null,
    "labels": {
        "singular_name": "Department",
        "add_new": "Add Department",
        "add_new_item": "Add Department",
        "edit_item": "Edit Department",
        "new_item": "New Department",
        "view_item": "View Department",
        "view_items": "View Departments",
        "search_items": "Search Departments",
        "not_found": "Department Not Found",
        "all_items": "All Departments"
    },
    "menu_position": "",
    "menu_icon": "dashicons-groups",
    "show_ui": true,
    "show_in_menu": true,
    "show_in_nav_menus": true,
    "show_in_admin_bar": true,
    "has_archive": "departments",
    "rewrite": true,
    "capability_type": "post",
    "capabilities": [],
    "map_meta_cap": null,
    "show_in_rest": true,
    "rest_base": "departments",
    "rest_controller_class": "WP_REST_Posts_Controller",
    "acfe_archive_template": "",
    "acfe_archive_ppp": 15,
    "acfe_archive_orderby": "title",
    "acfe_archive_order": "ASC",
    "acfe_archive_meta_key": "",
    "acfe_archive_meta_type": "",
    "acfe_single_template": "",
    "acfe_admin_archive": false,
    "acfe_admin_ppp": 25,
    "acfe_admin_orderby": "title",
    "acfe_admin_order": "ASC",
    "acfe_admin_meta_key": "",
    "acfe_admin_meta_type": "",
    "acfe_autosync": [
        "php",
        "json"
    ],
    "modified": 1700161167
}