{
    "name": "food",
    "label": "Food Menus",
    "active": true,
    "description": "",
    "hierarchical": false,
    "supports": [
        "title",
        "custom-fields"
    ],
    "taxonomies": [],
    "public": true,
    "exclude_from_search": false,
    "publicly_queryable": true,
    "can_export": true,
    "delete_with_user": null,
    "labels": {
        "singular_name": "Food",
        "add_new": "Add New Food",
        "add_new_item": "Add New Food",
        "edit_item": "Edit Food",
        "new_item": "New Food",
        "view_item": "View Food",
        "view_items": "View Foods",
        "search_items": "Search Foods",
        "not_found": "Food Not Found",
        "all_items": "All Foods"
    },
    "menu_position": "",
    "menu_icon": "dashicons-drumstick",
    "show_ui": true,
    "show_in_menu": true,
    "show_in_nav_menus": true,
    "show_in_admin_bar": true,
    "has_archive": "foods",
    "rewrite": true,
    "capability_type": "post",
    "capabilities": [],
    "map_meta_cap": null,
    "show_in_rest": true,
    "rest_base": "foods",
    "rest_controller_class": "WP_REST_Posts_Controller",
    "acfe_archive_template": "",
    "acfe_archive_ppp": 25,
    "acfe_archive_orderby": "title",
    "acfe_archive_order": "ASC",
    "acfe_archive_meta_key": "",
    "acfe_archive_meta_type": "",
    "acfe_single_template": "",
    "acfe_admin_archive": false,
    "acfe_admin_ppp": 25,
    "acfe_admin_orderby": "title",
    "acfe_admin_order": "ASC",
    "acfe_admin_meta_key": "",
    "acfe_admin_meta_type": "",
    "acfe_autosync": [
        "php",
        "json"
    ],
    "modified": 1700579458
}