{
    "name": "weekly-ad",
    "label": "Weekly Ads",
    "active": true,
    "description": "",
    "hierarchical": false,
    "supports": [
        "title",
        "custom-fields"
    ],
    "taxonomies": [
        "location-label"
    ],
    "public": true,
    "exclude_from_search": false,
    "publicly_queryable": true,
    "can_export": true,
    "delete_with_user": null,
    "labels": {
        "singular_name": "Weekly Ad",
        "add_new": "Add Weekly Ad",
        "add_new_item": "Add New Weekly Ad",
        "edit_item": "Edit Weekly Ad",
        "new_item": "New Weekly Ad",
        "view_item": "View Weekly Ad",
        "view_items": "View Weekly Ads",
        "search_items": "Search Weekly Ads",
        "not_found": "Weekly Ad Not Found",
        "all_items": "All Weekly Ads"
    },
    "menu_position": "",
    "menu_icon": "dashicons-money-alt",
    "show_ui": true,
    "show_in_menu": true,
    "show_in_nav_menus": true,
    "show_in_admin_bar": true,
    "has_archive": "weekly-ads",
    "rewrite": true,
    "capability_type": "post",
    "capabilities": [],
    "map_meta_cap": null,
    "show_in_rest": true,
    "rest_base": "weekly-ads",
    "rest_controller_class": "WP_REST_Posts_Controller",
    "acfe_archive_template": "",
    "acfe_archive_ppp": 10,
    "acfe_archive_orderby": "title",
    "acfe_archive_order": "ASC",
    "acfe_archive_meta_key": "",
    "acfe_archive_meta_type": "",
    "acfe_single_template": "",
    "acfe_admin_archive": false,
    "acfe_admin_ppp": 50,
    "acfe_admin_orderby": "date",
    "acfe_admin_order": "DESC",
    "acfe_admin_meta_key": "",
    "acfe_admin_meta_type": "",
    "acfe_autosync": [
        "php",
        "json"
    ],
    "modified": 1700161310
}